,2018-11-08 22:35:33.201896
,2018-11-08 22:36:06.850081
mon compte,2018-11-08 22:45:59.959008
mon compte,2018-11-08 22:47:45.594410
mon compte,2018-11-08 22:51:34.528532
"15,99 €",2018-11-08 23:05:07.993317
"15,99 €",2018-11-08 23:07:24.704718
"15,99 €",2018-11-08 23:20:28.068937
"15,99 €",2018-11-08 23:20:40.055006
"15,99 €",2018-11-08 23:21:03.401950
"15,99 €",2018-11-08 23:21:13.175448
"15,99 €",2018-11-08 23:21:14.981924
"15,99 €",2018-11-08 23:21:17.227083
"15,99 €",2018-11-08 23:21:19.069018
"15,99 €",2018-11-08 23:21:21.206343
"15,99 €",2018-11-08 23:21:37.856919
"15,99 €",2018-11-08 23:21:39.954051
"15,99 €",2018-11-08 23:21:41.803063
"15,99 €",2018-11-08 23:21:43.953787
"15,99 €",2018-11-08 23:21:45.798061
"15,99 €",2018-11-08 23:21:47.967349
"15,99 €",2018-11-08 23:21:49.783799
"15,99 €",2018-11-08 23:21:51.942331
